{"pcc": {"1": {"1": {"delay": 55683.347, "loss": 0.9879133130717657, "tput": 0.23928008236505682}, "all": {"delay": 55683.347, "loss": 0.9879133130717657, "tput": 0.23928008236505682}}}, "vegas": {"1": {"1": {"delay": 534.728, "loss": 0.0033302177296351543, "tput": 0.2396219538674255}, "all": {"delay": 534.728, "loss": 0.0033302177296351543, "tput": 0.2396219538674255}}}, "cubic": {"1": {"1": {"delay": 18634.778, "loss": 0.329013251704666, "tput": 0.23959249166319743}, "all": {"delay": 18634.778, "loss": 0.329013251704666, "tput": 0.23959249166319743}}}}