{"pcc": {"1": {"1": {"delay": 46.905, "loss": 0.00020591700538452606, "tput": 3.044625004606151}, "all": {"delay": 46.905, "loss": 0.00020591700538452606, "tput": 3.044625004606151}}}, "vegas": {"1": {"1": {"delay": 37.511, "loss": 0.0002457325050668757, "tput": 8.95816999992427}, "all": {"delay": 37.511, "loss": 0.0002457325050668757, "tput": 8.95816999992427}}}, "cubic": {"1": {"1": {"delay": 1571.163, "loss": 0.02574354362652309, "tput": 11.977029739358828}, "all": {"delay": 1571.163, "loss": 0.02574354362652309, "tput": 11.977029739358828}}}}